# hh_size,hh_size_prop
2,0.450000
3,0.215000
4,0.210000
5,0.080000
6,0.020000
7,0.010000
8,0.010000
9,0.002500
10,0.002500
